{
  "lfa_runs": 1000,
  "lfa_time": 74.23169144056737,
  "uq_time": 126.915936649777,
  "train_time": 35204.356471258216,
  "target_runs": 858,
  "target_time": 500.0156353805214
}