{
  "r_g": {
    "statistic": 0.2954578744528029,
    "minmax": [
      0.29508661649029705,
      0.2958291324153088
    ]
  }
}