{
  "lfa_runs": 1000,
  "lfa_time": 8.28705811779946,
  "uq_time": 14.73945072479546,
  "train_time": 5.756360039114952,
  "target_runs": 57,
  "target_time": 33.65726319886744
}