{
  "r_g": {
    "statistic": 0.2949732721744015,
    "minmax": [
      0.2945197010730541,
      0.2954268432757489
    ]
  }
}