{
  "lfa_runs": 1000,
  "lfa_time": 50.23097326699644,
  "uq_time": 86.74087879946455,
  "train_time": 739.3637515706941,
  "target_runs": 518,
  "target_time": 310.0602806264069
}