{
  "r_g": {
    "statistic": 0.2740943235972294,
    "minmax": [
      0.2740201062169317,
      0.27416854097752713
    ]
  }
}