{
  "lfa_runs": 1000,
  "lfa_time": 11.592262932099402,
  "uq_time": 21.760525132529438,
  "train_time": 4.947162083350122,
  "target_runs": 99,
  "target_time": 58.08704847469926
}