{
  "r_g": {
    "statistic": 0.28741136990454075,
    "minmax": [
      0.2871830450031436,
      0.2876396948059379
    ]
  }
}