{
  "lfa_runs": 1000,
  "lfa_time": 39.57019708678126,
  "uq_time": 129.37038989691064,
  "train_time": 164.45557254226878,
  "target_runs": 901,
  "target_time": 541.6911706355168
}