{
  "r_g": {
    "statistic": 0.27410279312725694,
    "minmax": [
      0.2740296923109923,
      0.2741758939435216
    ]
  }
}