{
  "lfa_runs": 1000,
  "lfa_time": 0.7425540303811431,
  "uq_time": 53.14076785976067,
  "train_time": 0.0012876493856310844,
  "target_runs": 270,
  "target_time": 162.1409710526932
}