{
  "lfa_runs": 1000,
  "lfa_time": 54.17019220022485,
  "uq_time": 138.7464853799902,
  "train_time": 215.75765686575323,
  "target_runs": 901,
  "target_time": 541.6911706355168
}