{
  "r_g": {
    "statistic": 0.2740984374688768,
    "minmax": [
      0.27402542509114847,
      0.27417144984660513
    ]
  }
}