{
  "lfa_runs": 1000,
  "lfa_time": 6.577339478768408,
  "uq_time": 17.110799158923328,
  "train_time": 0.2821024563163519,
  "target_runs": 72,
  "target_time": 42.47678300179541
}