{
  "r_g": {
    "statistic": 0.3034254333269823,
    "minmax": [
      0.30286315888077986,
      0.30398770777318473
    ]
  }
}