{
  "lfa_runs": 1000,
  "lfa_time": 27.21266669500619,
  "uq_time": 49.152866871096194,
  "train_time": 58.427881515584886,
  "target_runs": 251,
  "target_time": 147.11504508461803
}