{
  "r_g": {
    "statistic": 0.2959457326175392,
    "minmax": [
      0.295527071651723,
      0.2963643935833554
    ]
  }
}