{
  "lfa_runs": 1000,
  "lfa_time": 71.88940887525678,
  "uq_time": 123.80168624594808,
  "train_time": 3452.21663345024,
  "target_runs": 858,
  "target_time": 500.0156353805214
}