{
  "r_g": {
    "statistic": 0.2960358643089684,
    "minmax": [
      0.2957107472192874,
      0.29636098139864936
    ]
  }
}