{
  "lfa_runs": 1000,
  "lfa_time": 73.10274554882199,
  "uq_time": 123.73311926331371,
  "train_time": 6899.971463197842,
  "target_runs": 858,
  "target_time": 500.0156353805214
}