{
  "r_g": {
    "statistic": 0.296144028298114,
    "minmax": [
      0.2957957129359354,
      0.2964923436602926
    ]
  }
}