{
  "lfa_runs": 1000,
  "lfa_time": 6.05374697316438,
  "uq_time": 14.089833277277648,
  "train_time": 0.550815261900425,
  "target_runs": 57,
  "target_time": 33.65726319886744
}