{
  "r_g": {
    "statistic": 0.2822276021880204,
    "minmax": [
      0.282164701776866,
      0.2822905025991748
    ]
  }
}