{
  "lfa_runs": 1000,
  "lfa_time": 48.67292865552008,
  "uq_time": 85.78364204568788,
  "train_time": 290.4542037160136,
  "target_runs": 518,
  "target_time": 310.0602806264069
}