{
  "lfa_runs": 1000,
  "lfa_time": 0.6890007676556706,
  "uq_time": 18.802197186276317,
  "train_time": 0.0010470966808497906,
  "target_runs": 71,
  "target_time": 41.793004103470594
}