{
  "r_g": {
    "statistic": 0.2745523409682283,
    "minmax": [
      0.2744409977949242,
      0.27466368414153236
    ]
  }
}