{
  "lfa_runs": 1000,
  "lfa_time": 49.36250373115763,
  "uq_time": 89.13067996269092,
  "train_time": 208.63833946874365,
  "target_runs": 518,
  "target_time": 310.0602806264069
}