{
  "r_g": {
    "statistic": 0.2740858536402867,
    "minmax": [
      0.2740117589376189,
      0.2741599483429545
    ]
  }
}