{
  "lfa_runs": 1000,
  "lfa_time": 51.02457107184455,
  "uq_time": 87.16581755271181,
  "train_time": 3758.3876117258333,
  "target_runs": 518,
  "target_time": 310.0602806264069
}