{
  "lfa_runs": 984,
  "lfa_time": 3.355678968131542,
  "uq_time": 16.244697919115424,
  "train_time": 0.053757354617118835,
  "target_runs": 68,
  "target_time": 40.611690228572115
}