{
  "r_g": {
    "statistic": 0.27373264549763415,
    "minmax": [
      0.27369150687506194,
      0.27377378412020636
    ]
  }
}