{
  "lfa_runs": 1000,
  "lfa_time": 51.42316429084167,
  "uq_time": 88.9400542685762,
  "train_time": 1527.7790349773131,
  "target_runs": 518,
  "target_time": 310.0602806264069
}