{
  "r_g": {
    "statistic": 0.2740921119880321,
    "minmax": [
      0.27401767831246265,
      0.2741665456636016
    ]
  }
}