{
  "lfa_runs": 1000,
  "lfa_time": 11.208317170850933,
  "uq_time": 21.263641679659486,
  "train_time": 3.474054087884724,
  "target_runs": 99,
  "target_time": 58.08704847469926
}