{
  "r_g": {
    "statistic": 0.2890564217062576,
    "minmax": [
      0.2887815575550917,
      0.2893312858574235
    ]
  }
}