{
  "lfa_runs": 1000,
  "lfa_time": 12.092677112668753,
  "uq_time": 20.992266353219748,
  "train_time": 54.7880287123844,
  "target_runs": 99,
  "target_time": 58.08704847469926
}