{
  "r_g": {
    "statistic": 0.2943745036821449,
    "minmax": [
      0.29391057459576536,
      0.29483843276852445
    ]
  }
}