{
  "lfa_runs": 1000,
  "lfa_time": 47.99293404631317,
  "uq_time": 133.35420274920762,
  "train_time": 134.51348508428782,
  "target_runs": 901,
  "target_time": 541.6911706355168
}