{
  "r_g": {
    "statistic": 0.2741062086290692,
    "minmax": [
      0.2740334827169682,
      0.2741789345411702
    ]
  }
}