{
  "lfa_runs": 1000,
  "lfa_time": 73.64473478216678,
  "uq_time": 125.92748605459929,
  "train_time": 1462.8884118339047,
  "target_runs": 858,
  "target_time": 500.0156353805214
}