{
  "lfa_runs": 1000,
  "lfa_time": 23.7253938424401,
  "uq_time": 87.5433139782399,
  "train_time": 26.470799288712442,
  "target_runs": 518,
  "target_time": 310.0602806264069
}