{
  "lfa_runs": 991,
  "lfa_time": 2.219061840325594,
  "uq_time": 13.59894802607596,
  "train_time": 0.021225945092737675,
  "target_runs": 56,
  "target_time": 33.562411471735686
}