{
  "lfa_runs": 1000,
  "lfa_time": 8.202480552718043,
  "uq_time": 17.6330727590248,
  "train_time": 0.9773301817476749,
  "target_runs": 72,
  "target_time": 42.47678300179541
}