{
  "r_g": {
    "statistic": 0.29937357049940966,
    "minmax": [
      0.2990098819402745,
      0.2997372590585448
    ]
  }
}