{
  "lfa_runs": 1000,
  "lfa_time": 24.516883743926883,
  "uq_time": 46.33375054039061,
  "train_time": 24.20532496832311,
  "target_runs": 251,
  "target_time": 147.11504508461803
}