{
  "r_g": {
    "statistic": 0.29386966517758834,
    "minmax": [
      0.293524547659326,
      0.29421478269585066
    ]
  }
}