{
  "lfa_runs": 1000,
  "lfa_time": 49.6882237973623,
  "uq_time": 89.22200704785064,
  "train_time": 266.7383321262896,
  "target_runs": 518,
  "target_time": 310.0602806264069
}