{
  "r_g": {
    "statistic": 0.27407664873463955,
    "minmax": [
      0.27400210261783536,
      0.27415119485144374
    ]
  }
}