{
  "lfa_runs": 1000,
  "lfa_time": 48.159229663200676,
  "uq_time": 81.79057689290494,
  "train_time": 1264.951740955934,
  "target_runs": 484,
  "target_time": 281.5383764607832
}