{
  "r_g": {
    "statistic": 0.29610219618785427,
    "minmax": [
      0.2956593664170572,
      0.29654502595865134
    ]
  }
}