{
  "lfa_runs": 1000,
  "lfa_time": 45.31212719436735,
  "uq_time": 79.0315319141373,
  "train_time": 255.3807444134727,
  "target_runs": 484,
  "target_time": 281.5383764607832
}