{
  "r_g": {
    "statistic": 0.2977768931412958,
    "minmax": [
      0.29725860536684195,
      0.29829518091574964
    ]
  }
}