{
  "lfa_runs": 1000,
  "lfa_time": 36.934943626169115,
  "uq_time": 89.26636526035145,
  "train_time": 32.85848862072453,
  "target_runs": 518,
  "target_time": 310.0602806264069
}