{
  "r_g": {
    "statistic": 0.27409641974779125,
    "minmax": [
      0.2740231239577254,
      0.27416971553785713
    ]
  }
}