{
  "lfa_runs": 1000,
  "lfa_time": 6.799945768900216,
  "uq_time": 14.048601813614368,
  "train_time": 0.5578005434945226,
  "target_runs": 57,
  "target_time": 33.65726319886744
}