{
  "r_g": {
    "statistic": 0.3019596856538841,
    "minmax": [
      0.30149661990101834,
      0.30242275140674985
    ]
  }
}