{
  "lfa_runs": 1000,
  "lfa_time": 48.08460193686187,
  "uq_time": 88.25661835772917,
  "train_time": 170.82245289813727,
  "target_runs": 518,
  "target_time": 310.0602806264069
}