{
  "r_g": {
    "statistic": 0.27409945225068894,
    "minmax": [
      0.27402702297501214,
      0.27417188152636573
    ]
  }
}