{
  "lfa_runs": 1000,
  "lfa_time": 6.4035788252949715,
  "uq_time": 16.532213201746345,
  "train_time": 0.3526282189413905,
  "target_runs": 72,
  "target_time": 42.47678300179541
}