{
  "r_g": {
    "statistic": 0.2970592658533987,
    "minmax": [
      0.2965862757068563,
      0.2975322559999411
    ]
  }
}