{
  "lfa_runs": 1000,
  "lfa_time": 0.7105869730003178,
  "uq_time": 28.840348013676703,
  "train_time": 0.0011020274832844734,
  "target_runs": 119,
  "target_time": 69.06712258246262
}