{
  "lfa_runs": 1000,
  "lfa_time": 7.111275319941342,
  "uq_time": 14.29627857170999,
  "train_time": 1.0326719004660845,
  "target_runs": 57,
  "target_time": 33.65726319886744
}