{
  "r_g": {
    "statistic": 0.30016572346181886,
    "minmax": [
      0.29975104244378614,
      0.30058040447985157
    ]
  }
}