{
  "lfa_runs": 1000,
  "lfa_time": 25.769857734441757,
  "uq_time": 46.39870811626315,
  "train_time": 39.9625880504027,
  "target_runs": 251,
  "target_time": 147.11504508461803
}