{
  "r_g": {
    "statistic": 0.2932482916225714,
    "minmax": [
      0.2928496629250238,
      0.29364692032011896
    ]
  }
}