{
  "lfa_runs": 978,
  "lfa_time": 21.910188623704016,
  "uq_time": 48.16897797584534,
  "train_time": 8.087931676767766,
  "target_runs": 252,
  "target_time": 150.62792654254008
}