{
  "r_g": {
    "statistic": 0.27432703002954384,
    "minmax": [
      0.27424495663370035,
      0.2744091034253873
    ]
  }
}