{
  "lfa_runs": 1000,
  "lfa_time": 0.6857156292535365,
  "uq_time": 18.757209506817162,
  "train_time": 0.0010141832754015923,
  "target_runs": 71,
  "target_time": 41.793004103470594
}