{
  "lfa_runs": 1000,
  "lfa_time": 74.6956049548462,
  "uq_time": 127.71179167926311,
  "train_time": 1747.1960041979328,
  "target_runs": 858,
  "target_time": 500.0156353805214
}