{
  "r_g": {
    "statistic": 0.2965331428309673,
    "minmax": [
      0.2961881816372372,
      0.29687810402469744
    ]
  }
}