{
  "lfa_runs": 1000,
  "lfa_time": 12.329252919182181,
  "uq_time": 21.852375648915768,
  "train_time": 28.18808092083782,
  "target_runs": 99,
  "target_time": 58.08704847469926
}