{
  "r_g": {
    "statistic": 0.2931682022824519,
    "minmax": [
      0.2927615764014857,
      0.29357482816341807
    ]
  }
}