{
  "lfa_runs": 1000,
  "lfa_time": 9.146049632690847,
  "uq_time": 20.63894816953689,
  "train_time": 1.0621862467378378,
  "target_runs": 99,
  "target_time": 58.08704847469926
}