{
  "r_g": {
    "statistic": 0.2968060283694375,
    "minmax": [
      0.29656527027787,
      0.29704678646100496
    ]
  }
}