{
  "lfa_runs": 1000,
  "lfa_time": 52.23124015983194,
  "uq_time": 89.30264689773321,
  "train_time": 7735.4730783985,
  "target_runs": 518,
  "target_time": 310.0602806264069
}