{
  "lfa_runs": 1000,
  "lfa_time": 0.7003029007464647,
  "uq_time": 24.129768347367644,
  "train_time": 0.0010686558671295643,
  "target_runs": 98,
  "target_time": 58.37023711076472
}