{
  "lfa_runs": 1000,
  "lfa_time": 28.660188226494938,
  "uq_time": 86.68091389769688,
  "train_time": 14.548504900187254,
  "target_runs": 518,
  "target_time": 310.0602806264069
}