{
  "r_g": {
    "statistic": 0.2741092520405712,
    "minmax": [
      0.27403347109407433,
      0.27418503298706803
    ]
  }
}