{
  "lfa_runs": 1000,
  "lfa_time": 9.713622109033167,
  "uq_time": 18.269163278862834,
  "train_time": 4.552623888477683,
  "target_runs": 72,
  "target_time": 42.47678300179541
}