{
  "r_g": {
    "statistic": 0.2981021034676686,
    "minmax": [
      0.2975726044694826,
      0.2986316024658546
    ]
  }
}