{
  "lfa_runs": 1000,
  "lfa_time": 16.526789078488946,
  "uq_time": 30.456679176539183,
  "train_time": 9.284941523335874,
  "target_runs": 152,
  "target_time": 89.0581981278956
}