{
  "r_g": {
    "statistic": 0.2973394779637151,
    "minmax": [
      0.2969674344961389,
      0.29771152143129137
    ]
  }
}