{
  "lfa_runs": 1000,
  "lfa_time": 6.722588448785245,
  "uq_time": 85.5231744358316,
  "train_time": 40.45420853747055,
  "target_runs": 518,
  "target_time": 310.0602806264069
}