{
  "lfa_runs": 1000,
  "lfa_time": 5.690833315253258,
  "uq_time": 14.033282329328358,
  "train_time": 0.22256195358932018,
  "target_runs": 57,
  "target_time": 33.65726319886744
}