{
  "r_g": {
    "statistic": 0.29350824827351213,
    "minmax": [
      0.2931440170812694,
      0.29387247946575484
    ]
  }
}