{
  "lfa_runs": 1000,
  "lfa_time": 44.38156441785395,
  "uq_time": 78.83609640784562,
  "train_time": 165.14818799123168,
  "target_runs": 484,
  "target_time": 281.5383764607832
}