{
  "r_g": {
    "statistic": 0.2964774530873466,
    "minmax": [
      0.2960194367144891,
      0.29693546946020405
    ]
  }
}