{
  "lfa_runs": 1000,
  "lfa_time": 15.342161835171282,
  "uq_time": 31.05275355000049,
  "train_time": 6.647972524166107,
  "target_runs": 152,
  "target_time": 89.0581981278956
}