{
  "r_g": {
    "statistic": 0.29790392679312844,
    "minmax": [
      0.29749117422316246,
      0.2983166793630944
    ]
  }
}