{
  "lfa_runs": 978,
  "lfa_time": 36.520145871676505,
  "uq_time": 79.59407365880907,
  "train_time": 52.77959896996617,
  "target_runs": 484,
  "target_time": 289.89182109979447
}