{
  "r_g": {
    "statistic": 0.27419102640903587,
    "minmax": [
      0.2741282925739159,
      0.2742537602441558
    ]
  }
}