{
  "lfa_runs": 1000,
  "lfa_time": 15.002474053762853,
  "uq_time": 30.103630787692964,
  "train_time": 3.707055644132197,
  "target_runs": 152,
  "target_time": 89.0581981278956
}