{
  "r_g": {
    "statistic": 0.3042665068700542,
    "minmax": [
      0.30374737488454945,
      0.3047856388555589
    ]
  }
}