{
  "lfa_runs": 1000,
  "lfa_time": 27.60373472981155,
  "uq_time": 48.79461418930441,
  "train_time": 94.6827058037743,
  "target_runs": 251,
  "target_time": 147.11504508461803
}