{
  "r_g": {
    "statistic": 0.2969479986464827,
    "minmax": [
      0.29651422550106404,
      0.29738177179190134
    ]
  }
}