{
  "lfa_runs": 1000,
  "lfa_time": 24.579201844520867,
  "uq_time": 46.36169945728034,
  "train_time": 18.582481880672276,
  "target_runs": 251,
  "target_time": 147.11504508461803
}