{
  "r_g": {
    "statistic": 0.2937400107236548,
    "minmax": [
      0.2934974708419473,
      0.29398255060536227
    ]
  }
}