{
  "lfa_runs": 1000,
  "lfa_time": 17.96369940135628,
  "uq_time": 30.877936732023954,
  "train_time": 40.22526576370001,
  "target_runs": 152,
  "target_time": 89.0581981278956
}