{
  "r_g": {
    "statistic": 0.29712190925168364,
    "minmax": [
      0.2967516472005227,
      0.29749217130284455
    ]
  }
}