{
  "lfa_runs": 1000,
  "lfa_time": 5.975518191233277,
  "uq_time": 14.241414953954518,
  "train_time": 0.3639813391491771,
  "target_runs": 57,
  "target_time": 33.65726319886744
}