{
  "r_g": {
    "statistic": 0.29702218519866097,
    "minmax": [
      0.2966294409672436,
      0.29741492943007836
    ]
  }
}