{
  "lfa_runs": 1000,
  "lfa_time": 49.85786330932751,
  "uq_time": 92.98839423665777,
  "train_time": 172.49290988454595,
  "target_runs": 518,
  "target_time": 310.0602806264069
}