{
  "r_g": {
    "statistic": 0.27407536192376947,
    "minmax": [
      0.27400048620792206,
      0.2741502376396169
    ]
  }
}