{
  "lfa_runs": 1000,
  "lfa_time": 26.688257003203034,
  "uq_time": 47.14036398846656,
  "train_time": 44.16800932958722,
  "target_runs": 251,
  "target_time": 147.11504508461803
}