{
  "r_g": {
    "statistic": 0.29447547755359155,
    "minmax": [
      0.29409032758978565,
      0.29486062751739744
    ]
  }
}