{
  "lfa_runs": 1000,
  "lfa_time": 47.14124151971191,
  "uq_time": 79.14116083830595,
  "train_time": 3103.8326681712642,
  "target_runs": 484,
  "target_time": 281.5383764607832
}