{
  "r_g": {
    "statistic": 0.29562183127409675,
    "minmax": [
      0.29524275738108946,
      0.29600090516710403
    ]
  }
}