{
  "lfa_runs": 1000,
  "lfa_time": 0.7074554669670761,
  "uq_time": 24.585571175441146,
  "train_time": 0.00114371906965971,
  "target_runs": 98,
  "target_time": 58.37023711076472
}