{
  "lfa_runs": 1000,
  "lfa_time": 28.377537475898862,
  "uq_time": 49.45283420290798,
  "train_time": 448.2967123333365,
  "target_runs": 251,
  "target_time": 147.11504508461803
}