{
  "r_g": {
    "statistic": 0.29214550254275967,
    "minmax": [
      0.2917596327152732,
      0.2925313723702461
    ]
  }
}