{
  "lfa_runs": 1000,
  "lfa_time": 30.468371144961566,
  "uq_time": 85.74444629531354,
  "train_time": 49.896151944063604,
  "target_runs": 518,
  "target_time": 310.0602806264069
}