{
  "r_g": {
    "statistic": 0.2741207939039738,
    "minmax": [
      0.27404371937180155,
      0.2741978684361461
    ]
  }
}