{
  "lfa_runs": 1000,
  "lfa_time": 17.365410616621375,
  "uq_time": 30.61827576905489,
  "train_time": 21.269481156021357,
  "target_runs": 152,
  "target_time": 89.0581981278956
}