{
  "r_g": {
    "statistic": 0.2971725940563332,
    "minmax": [
      0.2968306894620911,
      0.2975144986505752
    ]
  }
}