{
  "lfa_runs": 1000,
  "lfa_time": 16.150677492842078,
  "uq_time": 86.7083876603283,
  "train_time": 33.33648466458544,
  "target_runs": 518,
  "target_time": 310.0602806264069
}