{
  "lfa_runs": 1000,
  "lfa_time": 18.346938641741872,
  "uq_time": 31.911153458990157,
  "train_time": 199.14131808187813,
  "target_runs": 152,
  "target_time": 89.0581981278956
}