{
  "r_g": {
    "statistic": 0.2994310391690701,
    "minmax": [
      0.29908749519395766,
      0.29977458314418254
    ]
  }
}