{
  "lfa_runs": 1000,
  "lfa_time": 9.32915360853076,
  "uq_time": 21.38515709899366,
  "train_time": 1.3612875156104565,
  "target_runs": 99,
  "target_time": 58.08704847469926
}