{
  "r_g": {
    "statistic": 0.2987705656546148,
    "minmax": [
      0.29851382912510627,
      0.2990273021841233
    ]
  }
}