{
  "lfa_runs": 1000,
  "lfa_time": 50.893635677639395,
  "uq_time": 87.75517810089514,
  "train_time": 513.0761833540164,
  "target_runs": 518,
  "target_time": 310.0602806264069
}