{
  "lfa_runs": 1000,
  "lfa_time": 12.066830244846642,
  "uq_time": 21.203892557881773,
  "train_time": 10.676130784675479,
  "target_runs": 99,
  "target_time": 58.08704847469926
}