{
  "r_g": {
    "statistic": 0.28732082731343817,
    "minmax": [
      0.28710218784774794,
      0.2875394667791284
    ]
  }
}