{
  "lfa_runs": 1000,
  "lfa_time": 0.7250636909157038,
  "uq_time": 29.603482643142343,
  "train_time": 0.0011193216778337955,
  "target_runs": 119,
  "target_time": 69.06712258246262
}