{
  "lfa_runs": 1000,
  "lfa_time": 45.27227985300124,
  "uq_time": 80.15666277892888,
  "train_time": 223.40569292660803,
  "target_runs": 484,
  "target_time": 281.5383764607832
}