{
  "r_g": {
    "statistic": 0.2973594783572872,
    "minmax": [
      0.29695859439306505,
      0.2977603623215094
    ]
  }
}