{
  "lfa_runs": 1000,
  "lfa_time": 0.7411053767427802,
  "uq_time": 53.015564477071166,
  "train_time": 0.0015145894140005112,
  "target_runs": 270,
  "target_time": 162.1409710526932
}