{
  "r_g": {
    "statistic": 0.27452933708162214,
    "minmax": [
      0.27441989395311694,
      0.27463878021012733
    ]
  }
}