{
  "lfa_runs": 1000,
  "lfa_time": 49.540435646194965,
  "uq_time": 86.56280139880255,
  "train_time": 359.72749343840405,
  "target_runs": 518,
  "target_time": 310.0602806264069
}