{
  "r_g": {
    "statistic": 0.2740946917858633,
    "minmax": [
      0.2740204581187733,
      0.27416892545295335
    ]
  }
}