{
  "lfa_runs": 1000,
  "lfa_time": 28.259962925687432,
  "uq_time": 48.82033673673868,
  "train_time": 891.1303378427401,
  "target_runs": 251,
  "target_time": 147.11504508461803
}