{
  "r_g": {
    "statistic": 0.29471961552723763,
    "minmax": [
      0.29435303512170674,
      0.2950861959327685
    ]
  }
}