{
  "lfa_runs": 1000,
  "lfa_time": 0.7479539811611176,
  "uq_time": 53.565006379038095,
  "train_time": 0.0013379203155636787,
  "target_runs": 270,
  "target_time": 162.1409710526932
}