{
  "lfa_runs": 1000,
  "lfa_time": 72.76241487730294,
  "uq_time": 126.35107394121587,
  "train_time": 1022.3336432194337,
  "target_runs": 858,
  "target_time": 500.0156353805214
}