{
  "r_g": {
    "statistic": 0.29644335083978884,
    "minmax": [
      0.2961082274611922,
      0.2967784742183855
    ]
  }
}