{
  "lfa_runs": 1000,
  "lfa_time": 72.89342051092535,
  "uq_time": 125.1727643692866,
  "train_time": 17299.324601007625,
  "target_runs": 858,
  "target_time": 500.0156353805214
}