{
  "r_g": {
    "statistic": 0.29634664648986986,
    "minmax": [
      0.29596659160317074,
      0.296726701376569
    ]
  }
}