{
  "lfa_runs": 1000,
  "lfa_time": 43.97209445014596,
  "uq_time": 79.26361073646694,
  "train_time": 172.24667043797672,
  "target_runs": 484,
  "target_time": 281.5383764607832
}