{
  "r_g": {
    "statistic": 0.2945095381732346,
    "minmax": [
      0.29405156493872225,
      0.29496751140774696
    ]
  }
}