{
  "lfa_runs": 1000,
  "lfa_time": 0.6974041350185871,
  "uq_time": 24.244179309811443,
  "train_time": 0.0010666041634976864,
  "target_runs": 98,
  "target_time": 58.37023711076472
}