{
  "lfa_runs": 1000,
  "lfa_time": 0.7218546657823026,
  "uq_time": 19.483989152591676,
  "train_time": 0.001104777678847313,
  "target_runs": 71,
  "target_time": 41.793004103470594
}