{
  "lfa_runs": 1000,
  "lfa_time": 47.30764481984079,
  "uq_time": 79.46490885782987,
  "train_time": 6232.087261570618,
  "target_runs": 484,
  "target_time": 281.5383764607832
}