{
  "r_g": {
    "statistic": 0.29558538235122334,
    "minmax": [
      0.29519486167369935,
      0.2959759030287473
    ]
  }
}