{
  "lfa_runs": 1000,
  "lfa_time": 0.7093605026602745,
  "uq_time": 28.871371237095445,
  "train_time": 0.0011867713183164597,
  "target_runs": 119,
  "target_time": 69.06712258246262
}