{
  "lfa_runs": 1000,
  "lfa_time": 9.58480317518115,
  "uq_time": 16.9251626431942,
  "train_time": 21.499918879941106,
  "target_runs": 72,
  "target_time": 42.47678300179541
}