{
  "r_g": {
    "statistic": 0.2965504673400843,
    "minmax": [
      0.2960608011711975,
      0.29704013350897107
    ]
  }
}