{
  "lfa_runs": 1000,
  "lfa_time": 8.233649580739439,
  "uq_time": 14.52543627936393,
  "train_time": 11.027362495660782,
  "target_runs": 57,
  "target_time": 33.65726319886744
}