{
  "r_g": {
    "statistic": 0.297343767045857,
    "minmax": [
      0.29686916985407025,
      0.2978183642376438
    ]
  }
}