{
  "lfa_runs": 1000,
  "lfa_time": 5.370621624402702,
  "uq_time": 14.440015342086554,
  "train_time": 0.16452173795551062,
  "target_runs": 57,
  "target_time": 33.65726319886744
}