{
  "r_g": {
    "statistic": 0.30265432928598873,
    "minmax": [
      0.30229715232568444,
      0.303011506246293
    ]
  }
}