{
  "lfa_runs": 1000,
  "lfa_time": 25.18686851952225,
  "uq_time": 46.27758193388581,
  "train_time": 28.445028545334935,
  "target_runs": 251,
  "target_time": 147.11504508461803
}