{
  "r_g": {
    "statistic": 0.29686252146292036,
    "minmax": [
      0.2964368156395742,
      0.2972882272862665
    ]
  }
}