{
  "lfa_runs": 1000,
  "lfa_time": 45.85587759874761,
  "uq_time": 78.48726947512478,
  "train_time": 621.8989869737998,
  "target_runs": 484,
  "target_time": 281.5383764607832
}