{
  "r_g": {
    "statistic": 0.2944052899287054,
    "minmax": [
      0.2939500022243466,
      0.2948605776330642
    ]
  }
}