{
  "lfa_runs": 1000,
  "lfa_time": 44.22648980934173,
  "uq_time": 89.9488446842879,
  "train_time": 92.60770998243243,
  "target_runs": 518,
  "target_time": 310.0602806264069
}