{
  "r_g": {
    "statistic": 0.2740981034917719,
    "minmax": [
      0.2740253371015215,
      0.2741708698820223
    ]
  }
}