{
  "lfa_runs": 1000,
  "lfa_time": 8.343638806603849,
  "uq_time": 16.979584499262273,
  "train_time": 1.1988378809764981,
  "target_runs": 72,
  "target_time": 42.47678300179541
}