{
  "r_g": {
    "statistic": 0.29521421192814945,
    "minmax": [
      0.294945731785725,
      0.2954826920705739
    ]
  }
}