{
  "lfa_runs": 1000,
  "lfa_time": 8.74446237552911,
  "uq_time": 17.057394015602767,
  "train_time": 2.4130881251767278,
  "target_runs": 72,
  "target_time": 42.47678300179541
}