{
  "r_g": {
    "statistic": 0.300602074878992,
    "minmax": [
      0.30014536039457834,
      0.30105878936340563
    ]
  }
}