{
  "lfa_runs": 1000,
  "lfa_time": 0.7496421532705426,
  "uq_time": 55.44058691384271,
  "train_time": 0.0013248268514871597,
  "target_runs": 270,
  "target_time": 162.1409710526932
}