{
  "lfa_runs": 1000,
  "lfa_time": 46.13312275055796,
  "uq_time": 79.31757358182222,
  "train_time": 426.9786392021924,
  "target_runs": 484,
  "target_time": 281.5383764607832
}