{
  "r_g": {
    "statistic": 0.29745665805196425,
    "minmax": [
      0.29701242552387896,
      0.29790089058004954
    ]
  }
}