{
  "lfa_runs": 1000,
  "lfa_time": 39.43719000602141,
  "uq_time": 86.5997674902901,
  "train_time": 50.676300352904946,
  "target_runs": 518,
  "target_time": 310.0602806264069
}