{
  "r_g": {
    "statistic": 0.27409701614525805,
    "minmax": [
      0.27402092997896105,
      0.27417310231155506
    ]
  }
}