{
  "lfa_runs": 1000,
  "lfa_time": 8.742830189876258,
  "uq_time": 20.882619123905897,
  "train_time": 1.6880833683535457,
  "target_runs": 99,
  "target_time": 58.08704847469926
}