{
  "r_g": {
    "statistic": 0.3000413084187972,
    "minmax": [
      0.2995963825161486,
      0.30048623432144583
    ]
  }
}