{
  "lfa_runs": 1000,
  "lfa_time": 9.835112914443016,
  "uq_time": 21.559046857059002,
  "train_time": 2.3007857305929065,
  "target_runs": 99,
  "target_time": 58.08704847469926
}