{
  "r_g": {
    "statistic": 0.29182684468237485,
    "minmax": [
      0.29155294405393783,
      0.29210074531081187
    ]
  }
}