{
  "lfa_runs": 1000,
  "lfa_time": 0.6958476528525352,
  "uq_time": 18.88628659164533,
  "train_time": 0.001025353092700243,
  "target_runs": 71,
  "target_time": 41.793004103470594
}