{
  "lfa_runs": 1000,
  "lfa_time": 10.494652217254043,
  "uq_time": 21.435395878739655,
  "train_time": 2.241295869462192,
  "target_runs": 99,
  "target_time": 58.08704847469926
}