{
  "r_g": {
    "statistic": 0.29419272096363036,
    "minmax": [
      0.29394170901968136,
      0.29444373290757936
    ]
  }
}