{
  "lfa_runs": 1000,
  "lfa_time": 0.7083375081419945,
  "uq_time": 28.977960132993758,
  "train_time": 0.001151752658188343,
  "target_runs": 119,
  "target_time": 69.06712258246262
}