{
  "r_g": {
    "statistic": 0.27454493067908514,
    "minmax": [
      0.2744327899548557,
      0.2746570714033146
    ]
  }
}