{
  "lfa_runs": 1000,
  "lfa_time": 0.7005056887865067,
  "uq_time": 24.24833115702495,
  "train_time": 0.0011395476758480072,
  "target_runs": 98,
  "target_time": 58.37023711076472
}