{
  "lfa_runs": 978,
  "lfa_time": 11.778220211155713,
  "uq_time": 30.41620139684528,
  "train_time": 1.664677133783698,
  "target_runs": 151,
  "target_time": 89.70028815581463
}