{
  "r_g": {
    "statistic": 0.2743421795147301,
    "minmax": [
      0.27426511936966425,
      0.274419239659796
    ]
  }
}