{
  "lfa_runs": 1000,
  "lfa_time": 72.48056869674474,
  "uq_time": 126.16331516951323,
  "train_time": 905.5525834271684,
  "target_runs": 858,
  "target_time": 500.0156353805214
}