{
  "r_g": {
    "statistic": 0.29738021274400417,
    "minmax": [
      0.29702707614482443,
      0.2977333493431839
    ]
  }
}