{
  "lfa_runs": 1000,
  "lfa_time": 6.6167134046554565,
  "uq_time": 16.536887845024467,
  "train_time": 1.0534419883042574,
  "target_runs": 72,
  "target_time": 42.47678300179541
}