{
  "r_g": {
    "statistic": 0.2992307967206702,
    "minmax": [
      0.29871099616664587,
      0.29975059727469455
    ]
  }
}