{
  "lfa_runs": 1000,
  "lfa_time": 0.7115875575691462,
  "uq_time": 29.209689653944224,
  "train_time": 0.0011141607537865639,
  "target_runs": 119,
  "target_time": 69.06712258246262
}