{
  "lfa_runs": 1000,
  "lfa_time": 18.11289734672755,
  "uq_time": 31.429749434813857,
  "train_time": 99.11420211289078,
  "target_runs": 152,
  "target_time": 89.0581981278956
}