{
  "r_g": {
    "statistic": 0.29931040400010184,
    "minmax": [
      0.29894171914269246,
      0.2996790888575112
    ]
  }
}