{
  "lfa_runs": 1000,
  "lfa_time": 7.17849313095212,
  "uq_time": 16.76364973373711,
  "train_time": 0.7830533916130662,
  "target_runs": 72,
  "target_time": 42.47678300179541
}