{
  "r_g": {
    "statistic": 0.2982590523650182,
    "minmax": [
      0.2980020419654826,
      0.29851606276455384
    ]
  }
}