{
  "lfa_runs": 1000,
  "lfa_time": 0.7126103765331209,
  "uq_time": 20.098648893646896,
  "train_time": 0.0010512103326618671,
  "target_runs": 71,
  "target_time": 41.793004103470594
}