{
  "lfa_runs": 1000,
  "lfa_time": 7.81120185367763,
  "uq_time": 14.535450062714517,
  "train_time": 2.3364066015928984,
  "target_runs": 57,
  "target_time": 33.65726319886744
}