{
  "r_g": {
    "statistic": 0.2931525741133879,
    "minmax": [
      0.2927408183994202,
      0.29356432982735564
    ]
  }
}