{
  "lfa_runs": 1000,
  "lfa_time": 10.355276023969054,
  "uq_time": 20.93923627305776,
  "train_time": 1.4916306622326374,
  "target_runs": 99,
  "target_time": 58.08704847469926
}