{
  "r_g": {
    "statistic": 0.29376991297374583,
    "minmax": [
      0.29353581638220966,
      0.294004009565282
    ]
  }
}