{
  "lfa_runs": 1000,
  "lfa_time": 43.74400458764285,
  "uq_time": 79.70165688358247,
  "train_time": 128.98618992138654,
  "target_runs": 484,
  "target_time": 281.5383764607832
}