{
  "r_g": {
    "statistic": 0.2985002963467864,
    "minmax": [
      0.2980350875487195,
      0.29896550514485326
    ]
  }
}