{
  "lfa_runs": 1000,
  "lfa_time": 14.538798018358648,
  "uq_time": 31.17326574958861,
  "train_time": 4.753464516252279,
  "target_runs": 152,
  "target_time": 89.0581981278956
}