{
  "r_g": {
    "statistic": 0.29232982025386317,
    "minmax": [
      0.29191407336966185,
      0.2927455671380645
    ]
  }
}