{
  "lfa_runs": 980,
  "lfa_time": 7.388367575593293,
  "uq_time": 20.78580311127007,
  "train_time": 1.2702886098995805,
  "target_runs": 98,
  "target_time": 58.842398156411946
}