{
  "r_g": {
    "statistic": 0.27349603231871183,
    "minmax": [
      0.2734579852321426,
      0.27353407940528107
    ]
  }
}