{
  "lfa_runs": 1000,
  "lfa_time": 71.47215032763779,
  "uq_time": 125.00584857910872,
  "train_time": 849.8567677997053,
  "target_runs": 858,
  "target_time": 500.0156353805214
}