{
  "r_g": {
    "statistic": 0.296928076381463,
    "minmax": [
      0.29657275598486665,
      0.2972833967780594
    ]
  }
}