{
  "lfa_runs": 1000,
  "lfa_time": 26.677774428389966,
  "uq_time": 85.87337650405243,
  "train_time": 19.890964386053383,
  "target_runs": 518,
  "target_time": 310.0602806264069
}