{
  "r_g": {
    "statistic": 0.2740997020153259,
    "minmax": [
      0.27402449399956796,
      0.27417491003108385
    ]
  }
}