{
  "lfa_runs": 1000,
  "lfa_time": 27.667400582693517,
  "uq_time": 46.896072536706924,
  "train_time": 180.1931517953053,
  "target_runs": 251,
  "target_time": 147.11504508461803
}