{
  "r_g": {
    "statistic": 0.2949182997291544,
    "minmax": [
      0.29448649106390284,
      0.29535010839440595
    ]
  }
}