{
  "lfa_runs": 1000,
  "lfa_time": 39.783038184046745,
  "uq_time": 131.6728896922432,
  "train_time": 41.167928968090564,
  "target_runs": 901,
  "target_time": 541.6911706355168
}