{
  "r_g": {
    "statistic": 0.2740996317338631,
    "minmax": [
      0.27402676929502184,
      0.27417249417270434
    ]
  }
}