{
  "lfa_runs": 1000,
  "lfa_time": 45.77658153697848,
  "uq_time": 79.32715106010437,
  "train_time": 325.9035678943619,
  "target_runs": 484,
  "target_time": 281.5383764607832
}