{
  "r_g": {
    "statistic": 0.2946376285333979,
    "minmax": [
      0.29419252752921216,
      0.2950827295375837
    ]
  }
}