{
  "lfa_runs": 1000,
  "lfa_time": 0.6958554261364043,
  "uq_time": 24.09622357552871,
  "train_time": 0.0011313692666590214,
  "target_runs": 98,
  "target_time": 58.37023711076472
}