{
  "r_g": {
    "statistic": 0.2745480259138761,
    "minmax": [
      0.274436272993213,
      0.27465977883453924
    ]
  }
}