{
  "lfa_runs": 1000,
  "lfa_time": 15.926250683143735,
  "uq_time": 30.552485859952867,
  "train_time": 8.31041519343853,
  "target_runs": 152,
  "target_time": 89.0581981278956
}