{
  "r_g": {
    "statistic": 0.29819563832924245,
    "minmax": [
      0.2976281510777378,
      0.2987631255807471
    ]
  }
}