{
  "lfa_runs": 1000,
  "lfa_time": 25.719806094653904,
  "uq_time": 46.39888602588326,
  "train_time": 30.548506987281144,
  "target_runs": 251,
  "target_time": 147.11504508461803
}