{
  "r_g": {
    "statistic": 0.291190309658537,
    "minmax": [
      0.2908565958693307,
      0.29152402344774325
    ]
  }
}