{
  "lfa_runs": 1000,
  "lfa_time": 74.07794194668531,
  "uq_time": 124.89080917835236,
  "train_time": 2429.8941271137446,
  "target_runs": 858,
  "target_time": 500.0156353805214
}