{
  "r_g": {
    "statistic": 0.29750812328075266,
    "minmax": [
      0.2971294452081971,
      0.2978868013533082
    ]
  }
}