{
  "lfa_runs": 1000,
  "lfa_time": 16.720412662252784,
  "uq_time": 29.988660529255867,
  "train_time": 14.395441870205104,
  "target_runs": 152,
  "target_time": 89.0581981278956
}