{
  "r_g": {
    "statistic": 0.2905004940784873,
    "minmax": [
      0.29015738559536475,
      0.2908436025616099
    ]
  }
}