{
  "lfa_runs": 918,
  "lfa_time": 45.76553929783404,
  "uq_time": 128.0133741935715,
  "train_time": 165.78551777917892,
  "target_runs": 860,
  "target_time": 515.4624743199674
}