{
  "r_g": {
    "statistic": 0.27416644001386914,
    "minmax": [
      0.2740991172458798,
      0.27423376278185846
    ]
  }
}