{
  "lfa_runs": 1000,
  "lfa_time": 29.117955051362514,
  "uq_time": 87.4248194876127,
  "train_time": 14.940726331435144,
  "target_runs": 518,
  "target_time": 310.0602806264069
}