{
  "lfa_runs": 1000,
  "lfa_time": 0.769395581446588,
  "uq_time": 86.70885076140985,
  "train_time": 0.0016567506827414036,
  "target_runs": 518,
  "target_time": 310.0602806264069
}