{
  "r_g": {
    "statistic": 0.27452565816698804,
    "minmax": [
      0.2744180188477773,
      0.2746332974861988
    ]
  }
}