{
  "lfa_runs": 1000,
  "lfa_time": 73.23206453118473,
  "uq_time": 126.07290614023805,
  "train_time": 1188.259080982767,
  "target_runs": 858,
  "target_time": 500.0156353805214
}