{
  "lfa_runs": 1000,
  "lfa_time": 6.935980124399066,
  "uq_time": 88.84188992576674,
  "train_time": 42.21076995600015,
  "target_runs": 518,
  "target_time": 310.0602806264069
}