{
  "r_g": {
    "statistic": 0.2745123490063895,
    "minmax": [
      0.2744053117221104,
      0.27461938629066857
    ]
  }
}