{
  "lfa_runs": 1000,
  "lfa_time": 9.453797315247357,
  "uq_time": 16.640916836448014,
  "train_time": 10.486838811077178,
  "target_runs": 72,
  "target_time": 42.47678300179541
}