{
  "r_g": {
    "statistic": 0.29710500940552903,
    "minmax": [
      0.296641684708654,
      0.2975683341024041
    ]
  }
}