{
  "lfa_runs": 1000,
  "lfa_time": 0.7640014546923339,
  "uq_time": 55.35334977461025,
  "train_time": 0.00129681546241045,
  "target_runs": 270,
  "target_time": 162.1409710526932
}