{
  "lfa_runs": 1000,
  "lfa_time": 4.727423684671521,
  "uq_time": 14.132458604872227,
  "train_time": 0.3520865822210908,
  "target_runs": 57,
  "target_time": 33.65726319886744
}