{
  "r_g": {
    "statistic": 0.29521739493488575,
    "minmax": [
      0.29474848733237774,
      0.29568630253739375
    ]
  }
}