{
  "lfa_runs": 1000,
  "lfa_time": 16.128298141993582,
  "uq_time": 31.951399693265557,
  "train_time": 9.608309457078576,
  "target_runs": 152,
  "target_time": 89.0581981278956
}