{
  "r_g": {
    "statistic": 0.2969491444588464,
    "minmax": [
      0.29656031739818284,
      0.29733797151950997
    ]
  }
}