{
  "lfa_runs": 1000,
  "lfa_time": 7.047518361359835,
  "uq_time": 16.477367204613984,
  "train_time": 0.5488971499726176,
  "target_runs": 72,
  "target_time": 42.47678300179541
}