{
  "r_g": {
    "statistic": 0.2939013080669506,
    "minmax": [
      0.29347248633268513,
      0.29433012980121603
    ]
  }
}