{
  "lfa_runs": 1000,
  "lfa_time": 23.53413735330105,
  "uq_time": 86.5589306699112,
  "train_time": 26.17207454238087,
  "target_runs": 518,
  "target_time": 310.0602806264069
}