{
  "r_g": {
    "statistic": 0.2743136403533881,
    "minmax": [
      0.2742136436643132,
      0.274413637042463
    ]
  }
}