{
  "lfa_runs": 1000,
  "lfa_time": 50.74420320941135,
  "uq_time": 128.81316369958222,
  "train_time": 98.82391174230725,
  "target_runs": 901,
  "target_time": 541.6911706355168
}