{
  "r_g": {
    "statistic": 0.27409553560594324,
    "minmax": [
      0.2740225718633991,
      0.27416849934848736
    ]
  }
}