{
  "lfa_runs": 1000,
  "lfa_time": 16.236796075478196,
  "uq_time": 86.35813187854365,
  "train_time": 33.20066551491618,
  "target_runs": 518,
  "target_time": 310.0602806264069
}