{
  "r_g": {
    "statistic": 0.2744263224474856,
    "minmax": [
      0.274316622195836,
      0.2745360226991352
    ]
  }
}