{
  "lfa_runs": 1000,
  "lfa_time": 4.621026952750981,
  "uq_time": 13.755971565842628,
  "train_time": 0.27772752847522497,
  "target_runs": 57,
  "target_time": 33.65726319886744
}