{
  "r_g": {
    "statistic": 0.3005784523423251,
    "minmax": [
      0.30006773873679854,
      0.3010891659478517
    ]
  }
}